[{"model": "admin.logentry", "pk": 1, "fields": {"action_time": "2023-12-09T16:16:31.012Z", "user": 1, "content_type": 6, "object_id": "1", "object_repr": "Commercial airliners", "action_flag": 1, "change_message": "[{\"added\": {}}]"}}, {"model": "admin.logentry", "pk": 2, "fields": {"action_time": "2023-12-09T16:19:08.035Z", "user": 1, "content_type": 12, "object_id": "1", "object_repr": "Boeing 777", "action_flag": 1, "change_message": "[{\"added\": {}}]"}}, {"model": "admin.logentry", "pk": 3, "fields": {"action_time": "2023-12-09T16:20:31.962Z", "user": 1, "content_type": 7, "object_id": "1", "object_repr": "Hartsfield-Jackson Atlanta", "action_flag": 1, "change_message": "[{\"added\": {}}]"}}, {"model": "admin.logentry", "pk": 4, "fields": {"action_time": "2023-12-09T16:20:42.428Z", "user": 1, "content_type": 8, "object_id": "1", "object_repr": "Yulia Smile", "action_flag": 1, "change_message": "[{\"added\": {}}]"}}, {"model": "admin.logentry", "pk": 5, "fields": {"action_time": "2023-12-09T16:21:27.065Z", "user": 1, "content_type": 7, "object_id": "2", "object_repr": "Kempegowda Bangalore", "action_flag": 1, "change_message": "[{\"added\": {}}]"}}, {"model": "admin.logentry", "pk": 6, "fields": {"action_time": "2023-12-09T16:21:43.666Z", "user": 1, "content_type": 10, "object_id": "1", "object_repr": "From Hartsfield-Jackson Atlanta to Kempegowda Bangalore.", "action_flag": 1, "change_message": "[{\"added\": {}}]"}}, {"model": "admin.logentry", "pk": 7, "fields": {"action_time": "2023-12-09T16:22:11.234Z", "user": 1, "content_type": 14, "object_id": "2", "object_repr": "testuser@gmail.com", "action_flag": 1, "change_message": "[{\"added\": {}}]"}}, {"model": "admin.logentry", "pk": 8, "fields": {"action_time": "2023-12-09T16:24:19.956Z", "user": 1, "content_type": 13, "object_id": "1", "object_repr": "From Hartsfield-Jackson Atlanta to Kempegowda Bangalore.", "action_flag": 1, "change_message": "[{\"added\": {}}]"}}, {"model": "admin.logentry", "pk": 9, "fields": {"action_time": "2023-12-09T16:24:35.162Z", "user": 1, "content_type": 9, "object_id": "1", "object_repr": "Order 1 by admin@admin.com created at 2023-12-09 16:24:35", "action_flag": 1, "change_message": "[{\"added\": {}}]"}}, {"model": "admin.logentry", "pk": 10, "fields": {"action_time": "2023-12-09T16:25:51.383Z", "user": 1, "content_type": 11, "object_id": "1", "object_repr": "From Hartsfield-Jackson Atlanta to Kempegowda Bangalore. (row: 1, seat: 1)", "action_flag": 1, "change_message": "[{\"added\": {}}]"}}, {"model": "admin.logentry", "pk": 11, "fields": {"action_time": "2023-12-10T17:44:04.418Z", "user": 1, "content_type": 6, "object_id": "2", "object_repr": "Cargo airplanes", "action_flag": 1, "change_message": "[{\"added\": {}}]"}}, {"model": "admin.logentry", "pk": 12, "fields": {"action_time": "2023-12-10T17:44:15.702Z", "user": 1, "content_type": 6, "object_id": "3", "object_repr": "Private jets", "action_flag": 1, "change_message": "[{\"added\": {}}]"}}, {"model": "admin.logentry", "pk": 13, "fields": {"action_time": "2023-12-10T17:47:11.098Z", "user": 1, "content_type": 12, "object_id": "2", "object_repr": "Gulfstream G450", "action_flag": 1, "change_message": "[{\"added\": {}}]"}}, {"model": "admin.logentry", "pk": 14, "fields": {"action_time": "2023-12-10T17:49:46.868Z", "user": 1, "content_type": 12, "object_id": "3", "object_repr": "AN-132", "action_flag": 1, "change_message": "[{\"added\": {}}]"}}, {"model": "admin.logentry", "pk": 15, "fields": {"action_time": "2023-12-10T17:51:26.476Z", "user": 1, "content_type": 7, "object_id": "3", "object_repr": "Chhatrapati Shivaji Mumbai", "action_flag": 1, "change_message": "[{\"added\": {}}]"}}, {"model": "admin.logentry", "pk": 16, "fields": {"action_time": "2023-12-10T17:52:09.903Z", "user": 1, "content_type": 7, "object_id": "4", "object_repr": "Indira Gandhi Delhi", "action_flag": 1, "change_message": "[{\"added\": {}}]"}}, {"model": "admin.logentry", "pk": 17, "fields": {"action_time": "2023-12-10T17:52:53.480Z", "user": 1, "content_type": 7, "object_id": "5", "object_repr": "Netaji Subhas Kolkata", "action_flag": 1, "change_message": "[{\"added\": {}}]"}}, {"model": "admin.logentry", "pk": 18, "fields": {"action_time": "2023-12-10T17:53:31.926Z", "user": 1, "content_type": 7, "object_id": "6", "object_repr": "King Fahd Dammam", "action_flag": 1, "change_message": "[{\"added\": {}}]"}}, {"model": "admin.logentry", "pk": 19, "fields": {"action_time": "2023-12-10T17:54:09.718Z", "user": 1, "content_type": 7, "object_id": "7", "object_repr": "Denver Denver", "action_flag": 1, "change_message": "[{\"added\": {}}]"}}, {"model": "admin.logentry", "pk": 20, "fields": {"action_time": "2023-12-10T17:54:23.275Z", "user": 1, "content_type": 7, "object_id": "8", "object_repr": "Dallas Forth Worth Dallas", "action_flag": 1, "change_message": "[{\"added\": {}}]"}}, {"model": "admin.logentry", "pk": 21, "fields": {"action_time": "2023-12-10T17:54:41.186Z", "user": 1, "content_type": 8, "object_id": "2", "object_repr": "Black White", "action_flag": 1, "change_message": "[{\"added\": {}}]"}}, {"model": "admin.logentry", "pk": 22, "fields": {"action_time": "2023-12-10T17:54:53.695Z", "user": 1, "content_type": 8, "object_id": "3", "object_repr": "Olena Greek", "action_flag": 1, "change_message": "[{\"added\": {}}]"}}, {"model": "admin.logentry", "pk": 23, "fields": {"action_time": "2023-12-10T17:55:04.915Z", "user": 1, "content_type": 8, "object_id": "4", "object_repr": "Igor Snytch", "action_flag": 1, "change_message": "[{\"added\": {}}]"}}, {"model": "admin.logentry", "pk": 24, "fields": {"action_time": "2023-12-10T17:55:16.872Z", "user": 1, "content_type": 8, "object_id": "5", "object_repr": "Nata Worth", "action_flag": 1, "change_message": "[{\"added\": {}}]"}}, {"model": "admin.logentry", "pk": 25, "fields": {"action_time": "2023-12-10T17:55:28.092Z", "user": 1, "content_type": 8, "object_id": "6", "object_repr": "Alex Voute", "action_flag": 1, "change_message": "[{\"added\": {}}]"}}, {"model": "admin.logentry", "pk": 26, "fields": {"action_time": "2023-12-10T17:55:35.278Z", "user": 1, "content_type": 8, "object_id": "7", "object_repr": "Bob Dylan", "action_flag": 1, "change_message": "[{\"added\": {}}]"}}, {"model": "admin.logentry", "pk": 27, "fields": {"action_time": "2023-12-10T17:55:59.794Z", "user": 1, "content_type": 10, "object_id": "2", "object_repr": "From Netaji Subhas Kolkata to Chhatrapati Shivaji Mumbai.", "action_flag": 1, "change_message": "[{\"added\": {}}]"}}, {"model": "admin.logentry", "pk": 28, "fields": {"action_time": "2023-12-10T17:56:08.319Z", "user": 1, "content_type": 10, "object_id": "3", "object_repr": "From Kempegowda Bangalore to Dallas Forth Worth Dallas.", "action_flag": 1, "change_message": "[{\"added\": {}}]"}}, {"model": "admin.logentry", "pk": 29, "fields": {"action_time": "2023-12-10T17:56:16.692Z", "user": 1, "content_type": 10, "object_id": "4", "object_repr": "From Indira Gandhi Delhi to Denver Denver.", "action_flag": 1, "change_message": "[{\"added\": {}}]"}}, {"model": "admin.logentry", "pk": 30, "fields": {"action_time": "2023-12-10T17:56:28.422Z", "user": 1, "content_type": 10, "object_id": "5", "object_repr": "From Chhatrapati Shivaji Mumbai to Dallas Forth Worth Dallas.", "action_flag": 1, "change_message": "[{\"added\": {}}]"}}, {"model": "admin.logentry", "pk": 31, "fields": {"action_time": "2023-12-10T17:56:37.326Z", "user": 1, "content_type": 10, "object_id": "6", "object_repr": "From Chhatrapati Shivaji Mumbai to King Fahd Dammam.", "action_flag": 1, "change_message": "[{\"added\": {}}]"}}, {"model": "admin.logentry", "pk": 32, "fields": {"action_time": "2023-12-10T17:57:25.579Z", "user": 1, "content_type": 13, "object_id": "2", "object_repr": "From Kempegowda Bangalore to Dallas Forth Worth Dallas.", "action_flag": 1, "change_message": "[{\"added\": {}}]"}}, {"model": "admin.logentry", "pk": 33, "fields": {"action_time": "2023-12-10T17:57:49.132Z", "user": 1, "content_type": 13, "object_id": "3", "object_repr": "From Indira Gandhi Delhi to Denver Denver.", "action_flag": 1, "change_message": "[{\"added\": {}}]"}}, {"model": "admin.logentry", "pk": 34, "fields": {"action_time": "2023-12-10T17:58:08.738Z", "user": 1, "content_type": 13, "object_id": "4", "object_repr": "From Chhatrapati Shivaji Mumbai to Dallas Forth Worth Dallas.", "action_flag": 1, "change_message": "[{\"added\": {}}]"}}, {"model": "admin.logentry", "pk": 35, "fields": {"action_time": "2023-12-10T17:59:00.733Z", "user": 1, "content_type": 9, "object_id": "2", "object_repr": "Order 2 by testuser@gmail.com created at 2023-12-10 17:59:00", "action_flag": 1, "change_message": "[{\"added\": {}}]"}}, {"model": "admin.logentry", "pk": 36, "fields": {"action_time": "2023-12-10T17:59:23.644Z", "user": 1, "content_type": 11, "object_id": "2", "object_repr": "From Hartsfield-Jackson Atlanta to Kempegowda Bangalore. (row: 2, seat: 3)", "action_flag": 1, "change_message": "[{\"added\": {}}]"}}, {"model": "admin.logentry", "pk": 37, "fields": {"action_time": "2023-12-10T17:59:33.077Z", "user": 1, "content_type": 11, "object_id": "3", "object_repr": "From Kempegowda Bangalore to Dallas Forth Worth Dallas. (row: 1, seat: 4)", "action_flag": 1, "change_message": "[{\"added\": {}}]"}}, {"model": "admin.logentry", "pk": 38, "fields": {"action_time": "2023-12-10T17:59:39.805Z", "user": 1, "content_type": 11, "object_id": "4", "object_repr": "From Kempegowda Bangalore to Dallas Forth Worth Dallas. (row: 5, seat: 4)", "action_flag": 1, "change_message": "[{\"added\": {}}]"}}, {"model": "admin.logentry", "pk": 39, "fields": {"action_time": "2023-12-10T18:07:27.393Z", "user": 1, "content_type": 12, "object_id": "1", "object_repr": "Boeing 777", "action_flag": 2, "change_message": "[{\"changed\": {\"fields\": [\"Rows\", \"Seats in row\"]}}]"}}, {"model": "admin.logentry", "pk": 40, "fields": {"action_time": "2023-12-10T18:28:17.110Z", "user": 1, "content_type": 9, "object_id": "3", "object_repr": "Order 3 by admin@admin.com created at 2023-12-10 18:28:17", "action_flag": 1, "change_message": "[{\"added\": {}}]"}}, {"model": "admin.logentry", "pk": 41, "fields": {"action_time": "2023-12-10T18:28:49.251Z", "user": 1, "content_type": 11, "object_id": "5", "object_repr": "From Indira Gandhi Delhi to Denver Denver. (row: 2, seat: 2)", "action_flag": 1, "change_message": "[{\"added\": {}}]"}}, {"model": "auth.permission", "pk": 1, "fields": {"name": "Can add log entry", "content_type": 1, "codename": "add_logentry"}}, {"model": "auth.permission", "pk": 2, "fields": {"name": "Can change log entry", "content_type": 1, "codename": "change_logentry"}}, {"model": "auth.permission", "pk": 3, "fields": {"name": "Can delete log entry", "content_type": 1, "codename": "delete_logentry"}}, {"model": "auth.permission", "pk": 4, "fields": {"name": "Can view log entry", "content_type": 1, "codename": "view_logentry"}}, {"model": "auth.permission", "pk": 5, "fields": {"name": "Can add permission", "content_type": 2, "codename": "add_permission"}}, {"model": "auth.permission", "pk": 6, "fields": {"name": "Can change permission", "content_type": 2, "codename": "change_permission"}}, {"model": "auth.permission", "pk": 7, "fields": {"name": "Can delete permission", "content_type": 2, "codename": "delete_permission"}}, {"model": "auth.permission", "pk": 8, "fields": {"name": "Can view permission", "content_type": 2, "codename": "view_permission"}}, {"model": "auth.permission", "pk": 9, "fields": {"name": "Can add group", "content_type": 3, "codename": "add_group"}}, {"model": "auth.permission", "pk": 10, "fields": {"name": "Can change group", "content_type": 3, "codename": "change_group"}}, {"model": "auth.permission", "pk": 11, "fields": {"name": "Can delete group", "content_type": 3, "codename": "delete_group"}}, {"model": "auth.permission", "pk": 12, "fields": {"name": "Can view group", "content_type": 3, "codename": "view_group"}}, {"model": "auth.permission", "pk": 13, "fields": {"name": "Can add content type", "content_type": 4, "codename": "add_contenttype"}}, {"model": "auth.permission", "pk": 14, "fields": {"name": "Can change content type", "content_type": 4, "codename": "change_contenttype"}}, {"model": "auth.permission", "pk": 15, "fields": {"name": "Can delete content type", "content_type": 4, "codename": "delete_contenttype"}}, {"model": "auth.permission", "pk": 16, "fields": {"name": "Can view content type", "content_type": 4, "codename": "view_contenttype"}}, {"model": "auth.permission", "pk": 17, "fields": {"name": "Can add session", "content_type": 5, "codename": "add_session"}}, {"model": "auth.permission", "pk": 18, "fields": {"name": "Can change session", "content_type": 5, "codename": "change_session"}}, {"model": "auth.permission", "pk": 19, "fields": {"name": "Can delete session", "content_type": 5, "codename": "delete_session"}}, {"model": "auth.permission", "pk": 20, "fields": {"name": "Can view session", "content_type": 5, "codename": "view_session"}}, {"model": "auth.permission", "pk": 21, "fields": {"name": "Can add airplane type", "content_type": 6, "codename": "add_airplanetype"}}, {"model": "auth.permission", "pk": 22, "fields": {"name": "Can change airplane type", "content_type": 6, "codename": "change_airplanetype"}}, {"model": "auth.permission", "pk": 23, "fields": {"name": "Can delete airplane type", "content_type": 6, "codename": "delete_airplanetype"}}, {"model": "auth.permission", "pk": 24, "fields": {"name": "Can view airplane type", "content_type": 6, "codename": "view_airplanetype"}}, {"model": "auth.permission", "pk": 25, "fields": {"name": "Can add airport", "content_type": 7, "codename": "add_airport"}}, {"model": "auth.permission", "pk": 26, "fields": {"name": "Can change airport", "content_type": 7, "codename": "change_airport"}}, {"model": "auth.permission", "pk": 27, "fields": {"name": "Can delete airport", "content_type": 7, "codename": "delete_airport"}}, {"model": "auth.permission", "pk": 28, "fields": {"name": "Can view airport", "content_type": 7, "codename": "view_airport"}}, {"model": "auth.permission", "pk": 29, "fields": {"name": "Can add crew", "content_type": 8, "codename": "add_crew"}}, {"model": "auth.permission", "pk": 30, "fields": {"name": "Can change crew", "content_type": 8, "codename": "change_crew"}}, {"model": "auth.permission", "pk": 31, "fields": {"name": "Can delete crew", "content_type": 8, "codename": "delete_crew"}}, {"model": "auth.permission", "pk": 32, "fields": {"name": "Can view crew", "content_type": 8, "codename": "view_crew"}}, {"model": "auth.permission", "pk": 33, "fields": {"name": "Can add order", "content_type": 9, "codename": "add_order"}}, {"model": "auth.permission", "pk": 34, "fields": {"name": "Can change order", "content_type": 9, "codename": "change_order"}}, {"model": "auth.permission", "pk": 35, "fields": {"name": "Can delete order", "content_type": 9, "codename": "delete_order"}}, {"model": "auth.permission", "pk": 36, "fields": {"name": "Can view order", "content_type": 9, "codename": "view_order"}}, {"model": "auth.permission", "pk": 37, "fields": {"name": "Can add route", "content_type": 10, "codename": "add_route"}}, {"model": "auth.permission", "pk": 38, "fields": {"name": "Can change route", "content_type": 10, "codename": "change_route"}}, {"model": "auth.permission", "pk": 39, "fields": {"name": "Can delete route", "content_type": 10, "codename": "delete_route"}}, {"model": "auth.permission", "pk": 40, "fields": {"name": "Can view route", "content_type": 10, "codename": "view_route"}}, {"model": "auth.permission", "pk": 41, "fields": {"name": "Can add ticket", "content_type": 11, "codename": "add_ticket"}}, {"model": "auth.permission", "pk": 42, "fields": {"name": "Can change ticket", "content_type": 11, "codename": "change_ticket"}}, {"model": "auth.permission", "pk": 43, "fields": {"name": "Can delete ticket", "content_type": 11, "codename": "delete_ticket"}}, {"model": "auth.permission", "pk": 44, "fields": {"name": "Can view ticket", "content_type": 11, "codename": "view_ticket"}}, {"model": "auth.permission", "pk": 45, "fields": {"name": "Can add airplane", "content_type": 12, "codename": "add_airplane"}}, {"model": "auth.permission", "pk": 46, "fields": {"name": "Can change airplane", "content_type": 12, "codename": "change_airplane"}}, {"model": "auth.permission", "pk": 47, "fields": {"name": "Can delete airplane", "content_type": 12, "codename": "delete_airplane"}}, {"model": "auth.permission", "pk": 48, "fields": {"name": "Can view airplane", "content_type": 12, "codename": "view_airplane"}}, {"model": "auth.permission", "pk": 49, "fields": {"name": "Can add flight", "content_type": 13, "codename": "add_flight"}}, {"model": "auth.permission", "pk": 50, "fields": {"name": "Can change flight", "content_type": 13, "codename": "change_flight"}}, {"model": "auth.permission", "pk": 51, "fields": {"name": "Can delete flight", "content_type": 13, "codename": "delete_flight"}}, {"model": "auth.permission", "pk": 52, "fields": {"name": "Can view flight", "content_type": 13, "codename": "view_flight"}}, {"model": "auth.permission", "pk": 53, "fields": {"name": "Can add user", "content_type": 14, "codename": "add_user"}}, {"model": "auth.permission", "pk": 54, "fields": {"name": "Can change user", "content_type": 14, "codename": "change_user"}}, {"model": "auth.permission", "pk": 55, "fields": {"name": "Can delete user", "content_type": 14, "codename": "delete_user"}}, {"model": "auth.permission", "pk": 56, "fields": {"name": "Can view user", "content_type": 14, "codename": "view_user"}}, {"model": "contenttypes.contenttype", "pk": 1, "fields": {"app_label": "admin", "model": "logentry"}}, {"model": "contenttypes.contenttype", "pk": 2, "fields": {"app_label": "auth", "model": "permission"}}, {"model": "contenttypes.contenttype", "pk": 3, "fields": {"app_label": "auth", "model": "group"}}, {"model": "contenttypes.contenttype", "pk": 4, "fields": {"app_label": "contenttypes", "model": "contenttype"}}, {"model": "contenttypes.contenttype", "pk": 5, "fields": {"app_label": "sessions", "model": "session"}}, {"model": "contenttypes.contenttype", "pk": 6, "fields": {"app_label": "airport", "model": "airplanetype"}}, {"model": "contenttypes.contenttype", "pk": 7, "fields": {"app_label": "airport", "model": "airport"}}, {"model": "contenttypes.contenttype", "pk": 8, "fields": {"app_label": "airport", "model": "crew"}}, {"model": "contenttypes.contenttype", "pk": 9, "fields": {"app_label": "airport", "model": "order"}}, {"model": "contenttypes.contenttype", "pk": 10, "fields": {"app_label": "airport", "model": "route"}}, {"model": "contenttypes.contenttype", "pk": 11, "fields": {"app_label": "airport", "model": "ticket"}}, {"model": "contenttypes.contenttype", "pk": 12, "fields": {"app_label": "airport", "model": "airplane"}}, {"model": "contenttypes.contenttype", "pk": 13, "fields": {"app_label": "airport", "model": "flight"}}, {"model": "contenttypes.contenttype", "pk": 14, "fields": {"app_label": "user", "model": "user"}}, {"model": "sessions.session", "pk": "isgzyih5elkv5lv77mf9gyfl852ayjes", "fields": {"session_data": ".eJxVjEEOwiAQRe_C2hA6IFCX7nsGwjCDVA0kpV0Z765NutDtf-_9lwhxW0vYOi9hJnERgzj9bhjTg-sO6B7rrcnU6rrMKHdFHrTLqRE_r4f7d1BiL98awYC3eUSbmU0yyJDBE5EeB3QuYYwqe0btUAFlzcp6lbJxZwMKrBPvDwpIOGE:1rBzzZ:oa5OV2MUZhh6SnzAOIJnikS0YnqnS5sRdtP5xjeYEZA", "expire_date": "2023-12-23T16:15:49.609Z"}}, {"model": "airport.airport", "pk": 1, "fields": {"name": "Hartsfield-Jackson", "closest_big_city": "Atlanta"}}, {"model": "airport.airport", "pk": 2, "fields": {"name": "Kempegowda", "closest_big_city": "Bangalore"}}, {"model": "airport.airport", "pk": 3, "fields": {"name": "Chhatrapati Shivaji", "closest_big_city": "Mumbai"}}, {"model": "airport.airport", "pk": 4, "fields": {"name": "Indira Gandhi", "closest_big_city": "Delhi"}}, {"model": "airport.airport", "pk": 5, "fields": {"name": "Netaji Subhas", "closest_big_city": "Kolkata"}}, {"model": "airport.airport", "pk": 6, "fields": {"name": "King Fahd", "closest_big_city": "Dammam"}}, {"model": "airport.airport", "pk": 7, "fields": {"name": "Denver", "closest_big_city": "Denver"}}, {"model": "airport.airport", "pk": 8, "fields": {"name": "Dallas Forth Worth", "closest_big_city": "Dallas"}}, {"model": "airport.route", "pk": 1, "fields": {"source": 1, "destination": 2, "distance": 1320}}, {"model": "airport.route", "pk": 2, "fields": {"source": 5, "destination": 3, "distance": 345}}, {"model": "airport.route", "pk": 3, "fields": {"source": 2, "destination": 8, "distance": 840}}, {"model": "airport.route", "pk": 4, "fields": {"source": 4, "destination": 7, "distance": 9870}}, {"model": "airport.route", "pk": 5, "fields": {"source": 3, "destination": 8, "distance": 1230}}, {"model": "airport.route", "pk": 6, "fields": {"source": 3, "destination": 6, "distance": 560}}, {"model": "airport.route", "pk": 7, "fields": {"source": 5, "destination": 7, "distance": 340}}, {"model": "airport.airplanetype", "pk": 1, "fields": {"name": "Commercial airliners"}}, {"model": "airport.airplanetype", "pk": 2, "fields": {"name": "Cargo airplanes"}}, {"model": "airport.airplanetype", "pk": 3, "fields": {"name": "Private jets"}}, {"model": "airport.airplane", "pk": 1, "fields": {"name": "Boeing 777", "rows": 10, "seats_in_row": 43, "airplane_type": 1, "image": "uploads/airplanes/boeing-777-8a2b8080-1dbb-49b8-ad3a-a0c87fda9621.png"}}, {"model": "airport.airplane", "pk": 2, "fields": {"name": "Gulfstream G450", "rows": 2, "seats_in_row": 7, "airplane_type": 3, "image": "uploads/airplanes/gulfstream-g450-c97d48c2-7958-49f9-a090-bcfc985ab16a.jpeg"}}, {"model": "airport.airplane", "pk": 3, "fields": {"name": "AN-132", "rows": 23, "seats_in_row": 6, "airplane_type": 2, "image": "uploads/airplanes/an-132-7aedcbae-fb87-4e0e-8142-0964c47fb0bf.jpeg"}}, {"model": "airport.crew", "pk": 1, "fields": {"first_name": "Yulia", "last_name": "Smile"}}, {"model": "airport.crew", "pk": 2, "fields": {"first_name": "Black", "last_name": "White"}}, {"model": "airport.crew", "pk": 3, "fields": {"first_name": "Olena", "last_name": "Greek"}}, {"model": "airport.crew", "pk": 4, "fields": {"first_name": "Igor", "last_name": "Snytch"}}, {"model": "airport.crew", "pk": 5, "fields": {"first_name": "Nata", "last_name": "Worth"}}, {"model": "airport.crew", "pk": 6, "fields": {"first_name": "Alex", "last_name": "Voute"}}, {"model": "airport.crew", "pk": 7, "fields": {"first_name": "Bob", "last_name": "Dylan"}}, {"model": "airport.flight", "pk": 1, "fields": {"route": 1, "airplane": 1, "departure_time": "2023-12-12T00:00:00Z", "arrival_time": "2023-12-13T06:00:00Z", "crew": [1]}}, {"model": "airport.flight", "pk": 2, "fields": {"route": 3, "airplane": 1, "departure_time": "2023-12-22T18:00:00Z", "arrival_time": "2023-12-23T06:00:00Z", "crew": [1, 3, 6]}}, {"model": "airport.flight", "pk": 3, "fields": {"route": 4, "airplane": 2, "departure_time": "2023-12-30T12:00:00Z", "arrival_time": "2023-12-31T17:57:42Z", "crew": [3, 4, 5, 6, 7]}}, {"model": "airport.flight", "pk": 4, "fields": {"route": 5, "airplane": 3, "departure_time": "2023-12-10T17:58:00Z", "arrival_time": "2023-12-11T17:58:05Z", "crew": [1, 3, 5, 7]}}, {"model": "airport.order", "pk": 1, "fields": {"created_at": "2023-12-09T16:24:35.159Z", "user": 1}}, {"model": "airport.order", "pk": 2, "fields": {"created_at": "2023-12-10T17:59:00.730Z", "user": 2}}, {"model": "airport.order", "pk": 3, "fields": {"created_at": "2023-12-10T18:28:17.106Z", "user": 1}}, {"model": "airport.ticket", "pk": 1, "fields": {"row": 1, "seat": 1, "flight": 1, "order": 1}}, {"model": "airport.ticket", "pk": 2, "fields": {"row": 2, "seat": 3, "flight": 1, "order": 2}}, {"model": "airport.ticket", "pk": 3, "fields": {"row": 1, "seat": 4, "flight": 2, "order": 2}}, {"model": "airport.ticket", "pk": 4, "fields": {"row": 5, "seat": 4, "flight": 2, "order": 1}}, {"model": "airport.ticket", "pk": 5, "fields": {"row": 2, "seat": 2, "flight": 3, "order": 3}}, {"model": "user.user", "pk": 1, "fields": {"password": "pbkdf2_sha256$320000$0vPJQ1dxZUBuUFxZ7GXIcn$4P1FMzIzbIJR1DEdp9MIlmE1XwEOh5OtAj8b3gMaAXM=", "last_login": "2023-12-09T16:15:49.605Z", "is_superuser": true, "first_name": "", "last_name": "", "is_staff": true, "is_active": true, "date_joined": "2023-12-09T16:12:52.968Z", "email": "admin@admin.com", "groups": [], "user_permissions": []}}, {"model": "user.user", "pk": 2, "fields": {"password": "pbkdf2_sha256$720000$nOcWXT33F92YRoR8Zjk2kk$GbQEZ6BWBbngf1pAO810qUffFly73nEGBPcH6rQJtHs=", "last_login": null, "is_superuser": false, "first_name": "", "last_name": "", "is_staff": false, "is_active": true, "date_joined": "2023-12-09T16:22:10.349Z", "email": "testuser@gmail.com", "groups": [], "user_permissions": []}}]